{
  "run_id": "world_model_v2_20260621_052133",
  "job": "world_model_v2",
  "config": {
    "epochs": 1500,
    "seq_len": 40,
    "batch_size": 8,
    "hidden_dim": 512,
    "n_layers": 3,
    "transition_type": "lstm",
    "lr": 0.0005,
    "recon_w": 0.3,
    "kl_dyn_w": 1.0,
    "kl_reg_w": 0.005,
    "free_bits": 0.0,
    "trans_mse_w": 1.0,
    "device": "cuda"
  },
  "n_steps": 1500,
  "duration_s": 336.4,
  "final": {
    "step": 1499,
    "elapsed_s": 336.4,
    "loss": 1.1810665130615234,
    "best": 1.1301838358243306,
    "recon": 0.6107137324633422,
    "kl_dyn": 1.955639456136177e-07,
    "kl_reg": 0.0016125181206950434,
    "lr": 1e-05
  },
  "best": {
    "loss": 1.130184,
    "best": 1.130184,
    "recon": 1.519066,
    "kl_dyn": 0.26201,
    "kl_reg": 0.306499,
    "lr": 0.0005
  },
  "files": {
    "csv": "logs/world_model_v2_20260621_052133/metrics.csv",
    "png": "logs/world_model_v2_20260621_052133/curves.png"
  }
}