{
  "run_id": "world_model_v2_20260621_044751",
  "job": "world_model_v2",
  "config": {
    "epochs": 1500,
    "seq_len": 40,
    "batch_size": 8,
    "hidden_dim": 512,
    "n_layers": 3,
    "transition_type": "lstm",
    "lr": 0.0005,
    "recon_w": 0.1,
    "kl_dyn_w": 1.0,
    "kl_reg_w": 0.005,
    "free_bits": 1.0,
    "trans_mse_w": 0.0,
    "device": "cuda"
  },
  "n_steps": 1500,
  "duration_s": 327.2,
  "final": {
    "step": 1499,
    "elapsed_s": 327.2,
    "loss": 1.0567639933692083,
    "best": 1.0197984951513785,
    "recon": 0.5055232973838294,
    "kl_dyn": 1.0004049451262862,
    "kl_reg": 1.161345402399699,
    "lr": 1e-05
  },
  "best": {
    "loss": 1.019798,
    "best": 1.019798,
    "recon": 1.267568,
    "kl_dyn": 1.085232,
    "kl_reg": 1.398861,
    "lr": 0.0005
  },
  "files": {
    "csv": "logs/world_model_v2_20260621_044751/metrics.csv",
    "png": "logs/world_model_v2_20260621_044751/curves.png"
  }
}