step,elapsed_s,train_loss,lr
0,0.3,0.14761022167901197,0.0007525
1,0.5,0.22785546102871498,0.00025750000000000013
2,0.8,0.3482224817077319,1e-05
